"","dose","peakvl.var","peaktime.var"
"1",4.8,0.769807024900479,1248.11186734667
"2",48,1.35608582981942,389.217987126283
"3",4800,0.898558760914305,818.85977524444
